Salvador,Delgado Bolancé
Juan Antonio,León Cobos
María,Martínez López
Carlos,García Fernández
Ana,Sánchez Pérez
Luis,Rodríguez Gómez
Elena,Hernández Díaz
Miguel,Martín Ruiz
Laura,Jiménez Moreno
David,López Muñoz
Carmen,González Romero
José,Álvarez Navarro
Raquel,Ramírez Torres
Pablo,Ortega Gil
Lucía,Rubio Serrano
Javier,Molina Castro
Sara,Ortiz Delgado
Antonio,Marcos Peña
Isabel,Castro Ramos
Manuel,Suárez Vega
Cristina,Romero Herrera
Francisco,Blanco Medina
Marta,Ibáñez Soto
Pedro,Reyes Campos
Sofía,Aguilar Márquez
Andrés,Castillo Rivas
Teresa,Navarro Lozano
Roberto,Delgado Pardo
Patricia,Fuentes Cabrera
Alberto,Rey Sanz
Beatriz,Domínguez Nieto